,Customer_Name,Similar_Name
0, interceramic,interceramic
1,3m,3m company
2,a-katsastus,a-katsastus oy
3,a-katsastus,a-katsastus oy - helsinki
4,achmea,syntrus achmea vastgoed b.v.
5,acl,acl laboratories
6,acm,acm parts
7,acm,acm vastgoed management
8,acora,acora msp
9,act-wise,act government
10,act-wise,"act, inc."
11,act-wise,connect wise
12,act-wise,wise health system
13,act-wise,wise health systems
14,adelante,adelante zorggroep
15,adp-gsi,gsi health
16,adrea,adrea csp
17,aecom,aecom technical services inc.
18,aecom,aecom technology corporation
19,aelia,groupe aelia/duty free associates
20,aelia,lagardere travel retail – aelia
21,aerotech,aerotech czech s.r.o.
22,aerotech,aerotech peissenberg gmbh
23,al-elm,elm information security
24,albea-france,albea deutschland gmbh
25,alma,alma consulting group
26,almarai,almarai company
27,altima/maif,maif france
28,altran,altran sverige
29,ameren,ameren corporation
30,amerigas,amerigas propane
31,amundi,amundi hong kong ltd.
32,amundi,amundi it services
33,amundi,amundi smith breeden llc
34,aptos liberty,aptos - liberty
35,arasco,arabian agricultural services company (arasco)
36,arinc,"arinc, inc."
37,ascend,ascend learning
38,ascend,brooklyn ascend charter school
39,asta,asta management services ltd
40,atea-groep,atea - sweden
41,atea-groep,atea a/s
42,atea-groep,atea a/s - dnk
43,atea-groep,atea sverige ab
44,atea-groep,atea/mearsk
45,atea/mearsk,atea a/s
46,atea/mearsk,atea-groep
47,athene,athene annuity & life co
48,atlanticare,atlanticare health system
49,availity llc,"availity, llc"
50,"availity, llc",availity llc
51,avesis,guardian life insurance company of america - avesis
52,aviall,aviall services inc
53,aviall,"aviall, inc."
54,axians,axians it ab (qbranch)
55,axians,axians it ab (qbranch)
56,axians,axians it solutions gmbh
57,axon,axon cable
58,bancorp,"eagle bancorp, inc."
59,bancorp,"german american bancorp, inc."
60,bancorp,glacier bancorp inc.
61,bancorp,"m&f bancorp, inc."
62,bancorp,"national bancorp, inc."
63,bancorp,"nbt bancorp, inc."
64,bancorp,"old second bancorp, inc."
65,bancorp,people's utah bancorp
66,bancorp,peoples bancorp of nc
67,bancorp,"republic bancorp, inc."
68,bancorp,the bancorp inc.
69,bancorp,u.s. bancorp
70,bancorp,united community bancorp
71,bank independent,independent bank
72,bankart,bankart d.o.o.
73,bankunited,bankunited financial
74,bankunited,"bankunited, fsb"
75,barclaycard,barclaycard - germany
76,barclaycard,barclaycard barclays bank plc
77,bawag,bawag p.s.k.
78,bawag,bawag psk
79,bayer.landessozialgericht,bayer business
80,bayer.landessozialgericht,bayer s.a.
81,bayer.landessozialgericht,bayer s.a. de c.v.
82,bb&t,bb gmbh
83,bbc,bbc c/o atos
84,bbc,bbc uk
85,berenberg,berenberg bank (schweiz) ag
86,berenberg,berenberg capital markets llc
87,berenberg,joh. berenberg gossler & co. kg
88,berenberg,"joh. berenberg, gossler & co."
89,berufsgenossenschaft,berufsgenossenschaft energie
90,berufsgenossenschaft,berufsgenossenschaft handel und
91,berufsgenossenschaft,verwaltungs-berufsgenossenschaft (vbg)
92,bridgestone,bridgestone americas
93,bridgestone,bridgestone-firestone hispania s.a.
94,bridgestone,bridgestone/firestone corp
95,broadsoft,"broadsoft, inc."
96,bt-dwp,dwp - hpes
97,bundeskanzleramt,bundeskanzleramt wien
98,bunsha,bunsha/kiabi
99,bunsha/kiabi,bunsha
100,bunsha/kiabi,kiabi sas
101,but-infomag,but international
102,ca technologies,ca technologies
103,ca technologies,ca technologies
104,caci,"caci, inc."
105,calumet,calumet photographic limited
106,calumet,purdue university northwest-calumet campus
107,"canon(china)co.,ltd",canon india pvt ltd
108,"canon(china)co.,ltd","canon solutions america, inc"
109,"canon(china)co.,ltd","canon usa, inc."
110,canopius,canopius managing agents ltd
111,capgemini,capgemini america
112,capgemini,capgemini nederland b.v.
113,capgemini,capgemini nederland bv
114,capgemini,capgemini uk ltd
115,capgemini,capgemini uk plc
116,capita,capita (uk)
117,capita,capita 02 partnership
118,capita,capita asset services
119,capita,capita business services ltd
120,capita,capita commercial services ltd
121,capita,capita customer management
122,capita,capita customer management ltd
123,capita,capita group plc
124,capita,capita health & wellbeing
125,capita,capita insurance services ltd
126,capita,capita it services
127,capita,capita it services limited
128,capita,capita it services ltd
129,capita,capita it services ltd - bae
130,capita,capita life & pensions
131,capita,capita managed it solutions
132,capita,capita plc
133,capita,capita registrars ltd
134,cardtronics,"cardtronics, inc"
135,cardworks,cardworks acquiring
136,careerbuilder,careerbuilder.com
137,careerbuilder.com,careerbuilder
138,carglass,carglass belgium nv
139,carter-cash,carter bank and trust
140,cbc/radio-canada,cbc ohio
141,cbs,cbs corporation
142,cegedim,cegedim prestation conseil outsourc
143,cegedim,cegedim sa
144,cegeka,cegeka csp
145,cegeka,cegeka industrie nv
146,cegeka,cegeka n.v.
147,cegeka,cegeka nederland b.v.
148,cellent,cellent ag
149,cellent,cellent finance solutions gmbh
150,centrica,centrica plc
151,centrica,centrica production ltd
152,centro,centro factoring s.p.a.
153,centro,centro geo
154,centro,centro sistemi informativi
155,centro,estav centro
156,centurylink,centurylink - mn
157,clarins,clarins asia
158,cms,cms bureau francis lefebvre
159,cms,cms it
160,cms,cms it-consulting gmbh
161,cms,cms media research
162,cms,leica microsystems cms gmbh
163,cnamts,cnamts - cti strasbourg
164,cnes,"cnes dopravni stavby, a.s."
165,cnooc#uganda#limited,bank of uganda
166,cnooc#uganda#limited,cnooc uganda limited
167,coach,coach services inc
168,coach,frank martz coach co
169,cobank,cobank acb
170,cobham,aerospace systems group/cobham
171,cobham,cobham - defence electronics
172,cobham,cobham defense electronic systems
173,cobham,cobham plc (flight refuelling ltd)
174,cochlear,cochlear americas corporation
175,coop,coop alleanza 3.0
176,coop,coop centrale adriatica
177,coop,coop groothandel bv
178,coop,coop mineraloel ag
179,coop,guadalupe valley electric coop
180,coop,lincolnshire coop
181,coop,midlands coop
182,coop,northern va electric coop
183,coop,"tri-county electric coop, inc"
184,corelogic,"corelogic solutions, llc"
185,cosco,"cosco bulk carrier co.,ltd"
186,cosco,cosco container lines
187,coveris,coveris flexibles deutschland gmbh
188,cri,cri advantage inc.
189,crown equipment,crown equipment
190,crown equipment,crown equipment
191,csc,csc
192,csc,csc - bhpb
193,csc,csc - il
194,csc,csc - netherlands
195,csc,csc - nps
196,csc,csc - raytheon
197,csc,csc / raytheon government
198,csc,csc australia
199,csc,csc australia pty limited
200,csc,csc australia pty ltd
201,csc,csc australia pty ltd
202,csc,csc computer sciences
203,csc,csc computer sciences b.v.
204,csc,csc computer sciences limited
205,csc,csc computer sciences ltd
206,csc,csc danmark a/s
207,csc,csc deutschland services gmbh
208,csc,csc deutschland solutions
209,csc,csc diageo
210,csc,csc government solutions llc
211,csc,csc israel
212,csc,csc sverige ab
213,csc,csc sverige ab (csc)
214,csc,csc switzerland
215,csc,"csc vietnam co., ltd"
216,csc,csc-computer sciences ltd
217,csc,csc-france
218,csc,csc-paris
219,csc,csc-us-hq
220,csc,csc
221,csc,csc - bhpb
222,csc,csc - il
223,csc,csc - netherlands
224,csc,csc - nps
225,csc,csc - raytheon
226,csc,csc / raytheon government
227,csc,csc australia
228,csc,csc australia pty limited
229,csc,csc australia pty ltd
230,csc,csc australia pty ltd
231,csc,csc computer sciences
232,csc,csc computer sciences b.v.
233,csc,csc computer sciences limited
234,csc,csc computer sciences ltd
235,csc,csc danmark a/s
236,csc,csc deutschland services gmbh
237,csc,csc deutschland solutions
238,csc,csc diageo
239,csc,csc government solutions llc
240,csc,csc israel
241,csc,csc sverige ab
242,csc,csc sverige ab (csc)
243,csc,csc switzerland
244,csc,"csc vietnam co., ltd"
245,csc,csc-computer sciences ltd
246,csc,csc-france
247,csc,csc-paris
248,csc,csc-us-hq
249,csc-france,csc
250,csc-france,csc
251,csc-france,csc australia
252,csc-france,csc sverige ab (csc)
253,csc-paris,american hospital of paris
254,csc-paris,csc
255,csc-paris,csc
256,csc-paris,csc sverige ab (csc)
257,csc-us-hq,csc
258,csc-us-hq,csc
259,csc-us-hq,us southern command-hq
260,csm,"branch 1,csm media research"
261,cti,cnamts - cti strasbourg
262,cti,cti foods - tx
263,cymetrix,cymetrix - tn
264,cymetrix,cymetrix - tx
265,daff,daff department of agriculture
266,daher-socata,daher groupe
267,dang dang,dang dang 1
268,danis,danis building construction co
269,daon,daon trusted identity services
270,darkmatter,darkmatter - dm
271,darkmatter,darkmatter - maria project
272,darkmatter,darkmatter - maria project 01
273,darty,ets darty et fils
274,datacash,datacash (pty) ltd
275,datacentrix,datacentrix pty ltd itsm
276,dataport,dataport dcs
277,davy,davy ireland
278,davy,davy process technology
279,del-one,the one
280,dell,dell - asap software
281,dell,dell global b.v.
282,dell,dell marketing lp
283,dell,dell software inc. (formerly
284,dell,dell software inc. (formerly scriptlogic)
285,dell,dell-nrc
286,dell-nrc,dell
287,dell-nrc,dell global b.v.
288,demmer,demmer gmbh
289,desjardins,groupe technologies desjardins
290,desjardins,groupe technologies desjardins (gtd
291,desjardins,ibm global services (desjardins group)
292,dexia,dexia
293,dexia,dexia cl
294,dexia,dexia
295,dexia,dexia cl
296,diesel,daihatsu diesel mfg co ltd
297,diesel,detroit diesel
298,diesel,diesel italia spa
299,diligenta,diligenta ltd
300,directv,directv group inc
301,disa,defense information systems agency (disa)
302,disa,disa global solutions
303,disa,disa group it denmark
304,disa,vykin corporation disa: mnis
305,docutap,docutap c/o cosentry
306,docutap,docutap c/o viawest
307,doe-anderson,community hospital anderson
308,drk-elisabeth-krankenhaus,st. elisabeth - krankenhaus gmbh
309,dts,dts business & fiscal
310,dts,dts systeme gmbh
311,dts,dts systeme gmbh cloud
312,dungarvin,"dungarvin, inc."
313,duo+,"duo security, inc."
314,dvg,dvg personenvervoer
315,e-storage,advance storage products
316,e-storage,backyard storage solutions
317,e-storage,"berger transfer & storage, inc."
318,e-storage,bruynzeel storage systems bv
319,e-storage,certified moving & storage
320,e-storage,cold storage nelson ltd
321,e-storage,"nimble storage, inc."
322,eca,eca international
323,edco,edco his
324,edea,edea v.o.f
325,elderhostel,"elderhostel, inc."
326,elia,elia system operator nv
327,elker,stichting combinatie elker/poortje
328,emdeon,emdeon corp
329,emdeon,emdeon government services
330,emdeon,emdeon inc
331,emerson-emerson(beijing)instrument,emerson (dubai)
332,emerson-emerson(beijing)instrument,emerson electric co
333,emerson-emerson(beijing)instrument,emerson hospital
334,emerson-emerson(beijing)instrument,emerson process
335,enervest,enervest management partners
336,engie,engie home services
337,engie,engie services limited
338,enmax,enmax corporation
339,enmax,enmax power corporation
340,entra asbl,entra asbl
341,entra asbl,entra asbl
342,epsm,epsm lille metropole
343,equian-trover,"trover solutions, inc."
344,eriks,eriks industrial services ltd
345,eriks,eriks usa
346,ermefret,ermefret gmbh
347,espn,espn inc
348,evry,evry ab
349,evry,evry one outsourcing services
350,evry,evry sweden ab
351,evry,mairie d'evry
352,experian,"experian health, inc."
353,f-secure corporation,f-secure corporation
354,f-secure corporation,f-secure corporation
355,f-secure corporation,f-secure corporation
356,f-secure corporation,f-secure corporation
357,f-secure corporation,f-secure corporation
358,f-secure corporation,f-secure corporation
359,fidessa,fidessa uk
360,fis,fis - ga
361,fis,fis global
362,fis,fis informationssysteme
363,fis,fis investment systems llc
364,fiserv-tx,fiserv (europe) limited
365,fiserv-tx,fiserv inc. nj
366,fiserv-tx,fiserv solutions - australia
367,fiserv-tx,fiserv solutions inc
368,fiserv-tx,"fiserv, inc."
369,fraikin,fraikin assets
370,fujitsu,fujitsu - nzgov
371,fujitsu,"fujitsu america, inc"
372,fujitsu,fujitsu australia
373,fujitsu,fujitsu consulting (canada) in
374,fujitsu,fujitsu finland oy
375,fujitsu,fujitsu n.z.
376,fujitsu,fujitsu new zealand limited
377,fujitsu,fujitsu services
378,fujitsu,fujitsu services - home office
379,fujitsu,fujitsu services ab
380,fujitsu,fujitsu services limited
381,fujitsu,fujitsu services ltd
382,fujitsu,fujitsu services ltd.
383,fujitsu,fujitsu services uk – flex-r
384,fujitsu,fujitsu services uk ltd
385,fujitsu,fujitsu sweden ab
386,fujitsu,fujitsu tds gmbh
387,fujitsu,fujitsu technology solutions b
388,fujitsu,fujitsu technology solutions b.v.
389,fujitsu,fujitsu technology solutions g
390,fujitsu,fujitsu technology solutions gmbh
391,fujitsu,fujitsu-finland
392,fujitsu,mod c/o fujitsu
393,fujitsu,new zealand government-fujitsu
394,fujitsu-finland,fujitsu
395,fujitsu-finland,fujitsu finland oy
396,fujitsu-finland,fujitsu n.z.
397,fujitsu-finland,fujitsu services
398,fujitsu-finland,veikkaus oy / fujitsu finland
399,funk-gruppe,funk gruppe gmbh
400,g4s,"g4s cash solutions, s.a."
401,g4s,g4s secure - belgium
402,g4s,g4s secure integration
403,gam,gam (schweiz ag)
404,gearbulk,gearbulk (uk) limited
405,geha,government employees health association (geha)
406,genentech,"genentech, inc."
407,generali,generali china
408,generali,"generali china insurance co., ltd."
409,generali,generali deutschland
410,generali,generali infrastructure services
411,generali,generali international limited
412,generali,generali verzekeringsgroep nv
413,generali,generali vie
414,geodis,geodis bm
415,geodis,geodis logistics netherlands bv
416,geodis,geodis wilson (usa)
417,geodis,geodis wilson netherlands bv
418,gerdau,gerdau ameristeel
419,gkv-spitzenverband,gkv informatik
420,glencore,glencore grain b.v.
421,glencore,glencore international ag
422,gmac,gmac uk plc
423,gordmans,gordmans inc
424,goulburn-murray water,goulburn murray water
425,groupm,wpp/groupm/maximize
426,groupm,wpp/groupm/maxus
427,groupm,wpp/groupm/mec
428,groupm,wpp/groupm/mediacom
429,groupm,wpp/groupm/mets
430,groupm,wpp/groupm/mindshare
431,groz-beckert kg,groz beckert kg
432,gsa,general services administration - gsa
433,halfords,aptos halfords
434,hansecom,hansecom gmbh
435,hbo-raad,hbo singapore
436,hbo-raad,hbo singapore
437,hbo-raad,hbo singapore
438,hbo-raad,raad van state
439,healthcore/wellpoint-de,wellpoint - de
440,healthcore/wellpoint-de,"wellpoint, inc."
441,healthport,healthport inc.
442,healthport,"healthport technologies, llc."
443,heatcraft,heatcraft australia pty ltd
444,heatcraft,"heatcraft refrigeration(wuxi)co.,ltd"
445,helmholtz-zentrum,helmholtz-zentrum dresden-rossendorf e.v.
446,helmholtz-zentrum,helmholtz-zentrum für umweltforschung gmbh
447,heritage bank,heritage bank
448,heritage bank,heritage bank
449,hewlett-packard gmbh,hewlett- packard gmbh
450,hikari tsushin,hikari tsushin
451,hikari tsushin,hikari tsushin
452,hiscox,hiscox plc
453,hms,hms collingwood
454,hns,hns hardware netzwerke software gmbh
455,hongyunhonghe,"hongyunhonghe tobacco(group)co.,ltd"
456,hongyunhonghe,"hongyunhonghe tobacco(group)co.,ltd of honghe"
457,hp,edf - hp france
458,hp,ericsson - hp
459,hp,fallon community hp
460,hp,hewlett - packard (hp-psg) hp contract -business pc
461,hp,hp ent services uk ltd
462,hp,hp enterprise services
463,hp,hp enterprise services
464,hp,hp enterprise services (st)
465,hp,hp enterprise services limited
466,hp,hp hood llc
467,hp,hp inc
468,hp,hp inc. peru s. r. l.
469,hp,hp information security uk ltd
470,hp,hp ltd - uk
471,hp,hp uk&i
472,hp,j&j it - hp
473,hsbc,hsbc bank plc
474,hsbc,hsbc group hq
475,huk-coburg,huk coburg
476,ibas,ibas as
477,ibm-uk-hq,ibm uk ltd
478,ifds,ifds limited
479,ifds,international financial data services (ifds)
480,immochan,immochan espana sa
481,immochan,immochan france
482,impellam,impellam group
483,in-q-tel,global tel link corp
484,inbo,inbo bv
485,independent bank,bank independent
486,ing,dr. ing. h. c. f. porsche ag
487,ing,dr. ing. h.c. f. porsche ag
488,ing,ing bank
489,ing,ing bank (luxembourg) sa
490,ing,ing bank (romania)
491,ing,ing bank n.v
492,ing,"ing bank n.v., singapore branch"
493,ing,ing belgium
494,ing,ing global procurement bank
495,ing,ing investment management co
496,ing,ing lease belgium
497,ing,"ing life insurance korea, ltd"
498,ing,ing life limited
499,ing,ing life public company limited
500,ing,ing luxembourg
501,ing,"ing management services, s.r.o"
502,ing,ing-diba ag
503,insearch,insearch
504,insearch,insearch
505,intel,intel security (mcafee)
506,interceramic, interceramic
507,interdigital,interdigital communication co
508,international baccalaureate,international baccalaureate
509,international baccalaureate,international baccalaureate
510,intersport,intersport deutschland eg
511,invesco,"invesco, inc"
512,iron mountain,iron mountain
513,iron mountain,iron mountain
514,isppc,isppc hospital andre vesale
515,j-media,ams media group
516,j-media,bein media group
517,j-media,cms media research
518,j-media,computec media gmbh
519,j-media,core media technologies
520,j-media,cox media group
521,j-media,dowden health media
522,j-media,dubai media office
523,j-media,fairfax media management
524,j-media,fremantle media limited
525,j-media,guardian media group
526,j-media,havas media - france
527,j-media,haymarket media group
528,j-media,haymarket media limited
529,j-media,hootsuite media
530,j-media,investorplace media
531,j-media,koch media gmbh
532,j-media,media arts lab
533,j-media,media broadcast gmbh
534,j-media,media city community credit union
535,j-media,media planning ltd
536,j-media,media transfer services
537,j-media,media transfer services
538,j-media,pni media
539,j-media,prisma media
540,j-media,rhone media holding
541,j-media,sdi media
542,j-media,"shanghai media group,inc"
543,j-media,shanghai united media group
544,j-media,sharjah media center
545,j-media,united business media
546,j-media,united business media
547,j-media,united business media formerly cmp media llc
548,j-media,united business media group.
549,j-media,wanda media
550,j-media,zenimax media
551,j-media,zhejiang institute of media and
552,j.d.wetherspoons,jd wetherspoons
553,jbs,jbs usa
554,johann-wolfgang-goethe- universitaet,johann-wolfgang-goethe-universitaet
555,johann-wolfgang-goethe-universitaet,johann wolfgang goethe-universität frankfurt
556,johann-wolfgang-goethe-universitaet,johann-wolfgang-goethe- universitaet
557,johann-wolfgang-goethe-universitaet,johann-wolfgang-goethe-universitaet itsec
558,johann-wolfgang-goethe-universitaet,klinikum der johann wolfgang
559,jungheinrich,jungheinrich ag
560,jwt,j. walter thompson (jwt)
561,keiter,keiter stephens hurst gary
562,kembit,kembit b.v.
563,klinikum,klinikum forchheim
564,klinikum,klinikum forchheim...
565,klinikum,klinikum landshut
566,klinikum,klinikum memmingen
567,klinikum,klinikum region hannover gmbh
568,klinikum,klinikum worms gmbh
569,knorr-bremse,knorr bremse it-services gmbh
570,konica minolta,konica minolta
571,konica minolta,konica minolta
572,kpmg,kpmg
573,kpmg,kpmg ag
574,kpmg,kpmg it service - international
575,kpmg,kpmg it service gmbh
576,kpmg,kpmg its gmbh - frankfurt
577,kpmg,kpmg llp
578,kpmg,kpmg llp
579,kpmg,kpmg llp (uk)
580,kpmg,kpmg mslp
581,kpmg,kpmg n.v.
582,kpmg,kpmg staffing & facility services b.v.
583,kpmg,kpmg-ireland
584,kpmg,kpmg
585,kpmg,kpmg ag
586,kpmg,kpmg it service - international
587,kpmg,kpmg it service gmbh
588,kpmg,kpmg its gmbh - frankfurt
589,kpmg,kpmg llp
590,kpmg,kpmg llp
591,kpmg,kpmg llp (uk)
592,kpmg,kpmg mslp
593,kpmg,kpmg n.v.
594,kpmg,kpmg staffing & facility services b.v.
595,kpmg,kpmg-ireland
596,kpmg-ireland,kpmg
597,kpmg-ireland,kpmg
598,kpmg-ireland,kpmg ag
599,kpmg-ireland,kpmg llp
600,kpmg-ireland,kpmg llp
601,kpmg-ireland,kpmg llp (uk)
602,kpmg-ireland,kpmg n.v.
603,kpn,kpn bv
604,kraamzorg-homecare,naviva kraamzorg
605,kuiken,kuiken n.v.
606,kuiken,kuiken nv
607,kunegel-transdev,transdev transport
608,kutxabank,kutxabank vida y pensiones
609,lafarge,lafarge asia sdn bhd
610,lafarge,lafarge cement united kingdom
611,lafarge,lafarge iteo shared services
612,lafarge,lafarge tarmac
613,lafarge,lafarge tarmac trading limited
614,lafarge,lafarge uk it shared services
615,lantmateriet,lantmateriet it
616,leidos,leidos australia
617,leidos,leidos healthcare
618,leidos,leidos innovations corporation
619,leidos,leidos innovations uk ltd
620,leidos,leidos limited
621,leidos,"leidos, inc"
622,lfb,lfb-usa
623,lfb-usa,lfb
624,lifespan,lifespan biosciences inc
625,lifespan,lifespan corp
626,lifespan,lifespan corp hr group
627,lijnco,speciaaldrukkerij lijnco groningen b.v.
628,lilly,eli lilly federal credit union
629,lilly,"lilly suzhou pharmaceutical co., ltd."
630,lilly,the lilly company
631,lion,food lion
632,lion,lion apparel
633,lion,red lion hotels corporation
634,lps,lsi/lps
635,lsi/lps,lps
636,lsi/lps,lsi architects
637,maeda corporation,maeda corporation
638,maeda corporation,maeda corporation
639,maf,maf ventures llc
640,maharam,maharam fabric corp
641,maharam,maharam fabric corporation
642,mantech,mantech - va
643,mantech,mantech international
644,mantech,mantech international corp
645,mapfre,mapfre argentina
646,mapfre,mapfre argentina
647,mapfre,mapfre bhd
648,mapfre,mapfre bhd
649,mapfre,mapfre brazil
650,mapfre,mapfre brazil
651,mapfre,mapfre chile
652,mapfre,mapfre chile
653,mapfre,mapfre colombia
654,mapfre,mapfre colombia
655,mapfre,mapfre informatica
656,mapfre,mapfre insular insurance
657,mapfre,mapfre insular insurance corporation
658,mapfre,mapfre insular insurance corporation
659,mapfre,mapfre insular insurance corporation
660,mapfre,mapfre la centroamericana
661,mapfre,mapfre la centroamericana
662,mapfre,mapfre paraguay
663,mapfre,mapfre paraguay
664,mapfre,mapfre peru
665,mapfre,mapfre peru
666,mapfre,mapfre tepeyac
667,mapfre,mapfre tepeyac
668,mapfre brazil,mapfre brazil
669,mapfre brazil,mapfre brazil
670,mapfre paraguay,mapfre paraguay
671,mapfre paraguay,mapfre paraguay
672,mapfre tepeyac,mapfre tepeyac
673,mapfre tepeyac,mapfre tepeyac
674,marathon,marathon asset management
675,match.com,match.com international
676,match.com,supermarche match
677,match.com,swedish match ab
678,máv-start,start communications
679,max-planck-gesellschaft,max planck institut
680,max-planck-gesellschaft,max-planck institut
681,max-planck-gesellschaft,max-planck-institut f. sozialrecht
682,max-planck-gesellschaft,max-planck-institut für
683,max-planck-gesellschaft,max-planck-institut für gesellschaftsforschung
684,max-planck-gesellschaft,max-planck-institut für informatik
685,max-planck-gesellschaft,max-planck-institut für plasmaphysik
686,max-planck-gesellschaft,max-planck-institut für softwaresysteme
687,max-planck-gesellschaft,max-planck-institut für sonnensystemforschung
688,mazars,mazars france
689,mazars,mazars gmbh & co. kg
690,mazars,mazars llp
691,mazars,mazars nl
692,mazars,mazars paardekooper hoffmann n.v.
693,mazars,mazars russia
694,mbda,mbda deutschland gmbh
695,mbda,mbda france
696,mbda,mbda italia spa
697,mbda,mbda uk limited
698,mcgladrey-ma,mcgladrey llp
699,mcgladrey-ma,mcgladrey llp (n/a)
700,mcgladrey-ma,mcgladrey llp/ma
701,mcgladrey-ma,mcgladrey product sales llc-ma
702,mckesson,mckesson
703,mckesson,mckesson - ga
704,mckesson,mckesson canada
705,mckesson,mckesson corporation
706,mckesson,mckesson corporation-ca
707,mckesson,mckesson information solutions uk ltd
708,mckesson,mckesson surgical-medical
709,mckesson,mckesson
710,mckesson,mckesson - ga
711,mckesson,mckesson canada
712,mckesson,mckesson corporation
713,mckesson,mckesson corporation-ca
714,mckesson,mckesson information solutions uk ltd
715,mckesson,mckesson surgical-medical
716,mediq,mediq b.v.
717,mediq,mediq direct
718,microsoft/vexcel,microsoft corporation
719,microtech,cascade microtech inc.
720,milliman,milliman - ct
721,milliman,milliman - wayne pa
722,milliman,milliman inc
723,miradore,miradore
724,miradore,miradore
725,mirixa,mirixa corporation
726,mod,mod abbeywood
727,mod,mod c/o british telecom plc
728,mod,mod c/o fujitsu
729,mod,mod corsham
730,mod,mod corsham c/o prolinx
731,mod,mod israel
732,mod,mod iss
733,mod,mod it gmbh
734,mod,mod main building
735,mod,mod mcs ia
736,monsanto-stl,monsanto company
737,murex,murex advanced technologies
738,murex,murex services s.a.l
739,murex,murex southeast asia pte. ltd.
740,mx1-rrmedia,mx1 gmbh
741,nacco,nacco materials
742,nasa,nasa (ksc)
743,nasa,nasa - russia services group
744,nasa,nasa ames research center
745,nasa,nasa federal credit union
746,nasa,nasa goddard space center
747,nasa,nasa hq hitss
748,nasa,nasa johnson space center
749,natixis,natixis (london)
750,natixis,natixis global associates
751,nepc,"nepc, llc"
752,netsourcing,netsourcing bv
753,nexans,nexans france
754,nexus,nexus infrastructure
755,nexus,tlm nexus
756,nidek,"nidek co., ltd."
757,nielsen,pedersen & nielsen automobilforretning a/s
758,noaa,noaa fisheries office of science &
759,noaa,noaa fisheries service -
760,nordstrom,nordstrom corporate data center
761,o2,telefonica o2
762,o2,"telefonica o2 czech republic,"
763,oasis,oasis petroleum
764,oddo,oddo et cie
765,oldcastle,oldcastle it service manager
766,omgeo,omgeo llc
767,omgeo,omgeo llc (ny)
768,omnicom,omnicom capital
769,oneneck,oneneck it services
770,ooredoo,ooredoo kuwait
771,opcalia,opcalia ile de france
772,optiver,optiver asia pacific
773,optiver,optiver holding b.v.
774,optiver,optiver holding bv
775,otterbourg,"otterbourg,steindler,houston &"
776,parexel,parexel (gb nottingham)
777,pepco,potomac electric power company(pepco)
778,pgds,pgds (uk one) limited
779,pgds,pgds (uk one) ltd
780,pgds,pgds procurement
781,picard,picard surgeles
782,plus retail,plus retail b.v.
783,pmc,pmc group
784,polyone,polyone corporation
785,porsche,dr. ing. h. c. f. porsche ag
786,porsche,dr. ing. h.c. f. porsche ag
787,porsche,porsche centrum gelderland
788,porsche,porsche engineering services gmbh
789,porsche,porsche gb
790,porsche,porsche schweiz ag
791,pricewaterhousecoopers,pricewaterhousecoopers
792,pricewaterhousecoopers,pricewaterhousecoopers
793,pricewaterhousecoopers,pricewaterhousecoopers (vietnam) ltd
794,pricewaterhousecoopers,pricewaterhousecoopers ag
795,pricewaterhousecoopers,pricewaterhousecoopers ag_-_old_system
796,pricewaterhousecoopers,pricewaterhousecoopers llc (tampa)
797,pricewaterhousecoopers,"pricewaterhousecoopers, société coopérative"
798,pricewaterhousecoopers,pricewaterhousecoopers
799,pricewaterhousecoopers,pricewaterhousecoopers
800,pricewaterhousecoopers,pricewaterhousecoopers (vietnam) ltd
801,pricewaterhousecoopers,pricewaterhousecoopers ag
802,pricewaterhousecoopers,pricewaterhousecoopers ag_-_old_system
803,pricewaterhousecoopers,pricewaterhousecoopers llc (tampa)
804,pricewaterhousecoopers,"pricewaterhousecoopers, société coopérative"
805,pricewaterhousecoopers,pricewaterhousecoopers
806,pricewaterhousecoopers,pricewaterhousecoopers
807,pricewaterhousecoopers,pricewaterhousecoopers (vietnam) ltd
808,pricewaterhousecoopers,pricewaterhousecoopers ag
809,pricewaterhousecoopers,pricewaterhousecoopers ag_-_old_system
810,pricewaterhousecoopers,pricewaterhousecoopers llc (tampa)
811,pricewaterhousecoopers,"pricewaterhousecoopers, société coopérative"
812,produban,produban srv. info (santander)
813,pucci,pucci (subsidiaries of louis vuitton)
814,pvm,pvm oil associates ltd
815,q-home,bayshore home health
816,q-home,engie home services
817,q-home,fujitsu services - home office
818,q-home,ge home & business solutions
819,q-home,healthcare at home limited
820,q-home,home box office
821,q-home,home depot usa
822,q-home,home diagnostics
823,q-home,home federal savings bank
824,q-home,home loan investment bank
825,q-home,home of the innocents
826,q-home,home office
827,q-home,"home properties, inc."
828,q-home,home savings bank
829,q-home,home shopping network
830,q-home,home shopping network
831,q-home,premier home healthcare
832,q-home,reliance home finance limited
833,q-home,saudi home loan
834,q-home,steward home care
835,q-home,thd home services
836,q-home,the home depot
837,q-home,wendy's home care
838,qic,qic limited
839,qinetiq,qinetiq (united kingdom)
840,qinetiq,qinetiq australia
841,qinetiq,qinetiq edm
842,qinetiq,qinetiq ltd
843,qliktech,qliktech
844,qliktech,qliktech
845,questar,questar assessment inc.
846,questar,questar info comm corp
847,r/ga,fis - ga
848,r/ga,ga dep of banking & finance
849,r/ga,ga dept of banking & finance
850,r/ga,ga employees retirement system
851,r/ga,ga tech - center for advanced
852,r/ga,mckesson - ga
853,r/ga,relay health - ga
854,r/ga,synovus financial - ga
855,r/ga,the hartford - ga
856,r/ga,virtustream - ga
857,rabobank,rabobank nederland
858,raderadvies,raderadvies b.v.
859,raytheon,csc - raytheon
860,raytheon,csc / raytheon government
861,raytheon,raytheon - va
862,raytheon,raytheon applied signal technology
863,raytheon,raytheon fss (government)
864,raytheon,raytheon missile systems
865,raytheon,raytheon missle systems
866,raytheon,raytheon systems ltd
867,rdw,rijksdienst voor wegverkeer - rdw
868,rexel,rexel austria gmbh
869,rexel,rexel uk
870,rexel,rexel uk - netherlands
871,ring,smalley steel ring company
872,ring,tri-ring group corporation
873,rk&k,rk siebdrucktechnik gmbh
874,robeco,canara robeco asset management company limited
875,robeco,robeco groep
876,robert-bosch-krankenhaus,robert bosch llc
877,rolls-royce,rolls royce plc
878,rolls-royce,rolls-royce deutschland ltd & co kg
879,rolls-royce,rolls-royce digital
880,rolls-royce,rolls-royce energy systems inc
881,rolls-royce,rolls-royce germany
882,rolls-royce,rolls-royce power systems ag
883,rolls-royce,rolls-royce singapore pte
884,sageworks,sageworks inc.
885,saic,"saic volkswagen automotive co.,ltd."
886,saic,saic- corp
887,saic,usaf luke afb c/o saic
888,samsung,samsung information systems america
889,samsung,samsung telecommunications america inc.
890,sba,sba network services
891,scales,"richard scales advertising associates, inc."
892,scc,atradius (scc outsource)
893,scee,scee sony computer entertainment
894,schroders,schroders investment managemen
895,screenprint dow,screenprint/dow
896,screenprint/dow,dow industries
897,screenprint/dow,screenprint dow
898,seb,seb it
899,securelink,securelink nv
900,seitlin,marsh & mclennan agency/seitlin
901,sensus,sensus metering systems
902,sephora,sephora sa
903,seqwater,fusion5 - seqwater
904,sercel,sercel
905,sercel,sercel
906,serco,serco asset team (nats)
907,serco,serco civil government
908,serco,serco limited
909,serco,serco s.p.a.
910,serco,serco-bristol water
911,service-now.com,now it solutions
912,sharetech,"sharetech, llc"
913,shire,kempsey shire council
914,shire,livingstone shire council
915,shire,south gippsland shire council
916,sho,sho st. huisartsenlaboratorium
917,shutterfly,shutterfly.com
918,shutterfly.com,shutterfly
919,sibelga,nrb (sibelga)
920,sidra,sidra medical & research cente
921,sidra,sidra medical & research center
922,sidra,sidra medical & research centre
923,siemens-israel,csc israel
924,siemens-israel,siemens ag
925,siemens-israel,siemens atos
926,siemens-israel,siemens d.o.o.
927,siemens-israel,siemens healthcare gmbh
928,siemens-israel,siemens medical solutions
929,siemens-israel,siemens medical solutions -
930,siemens-israel,siemens plc
931,silversky,"silversky (formerly usa net, inc.)"
932,sina,sina spa
933,sita,sita
934,sita,sita bionergies sa
935,sita,sita centre ouest
936,sita,sita france idf
937,sita,sita inc
938,sita,sita méditérranée
939,sita,sita region ile-de-france
940,sita,sita sud ouest
941,sita,sita uk limited
942,sita,sita
943,sita,sita bionergies sa
944,sita,sita centre ouest
945,sita,sita france idf
946,sita,sita inc
947,sita,sita méditérranée
948,sita,sita region ile-de-france
949,sita,sita sud ouest
950,sita,sita uk limited
951,sitel,sitel worldwide corporation
952,skechers,skechers usa
953,sodexo,sodexo
954,sodexo,sodexo en france
955,sodexo,sodexo global services uk
956,sodexo,sodexo netherlands b.v.
957,sodexo,sodexo services gmbh
958,sodexo,sodexo
959,sodexo,sodexo en france
960,sodexo,sodexo global services uk
961,sodexo,sodexo netherlands b.v.
962,sodexo,sodexo services gmbh
963,softronic,softronic
964,softronic,softronic
965,solvinity,solvinity b.v. - msp
966,sonepar,sonepar distribution
967,sonepar,sonepar nederland
968,sonepar,sonepar nederland information services
969,sonepar,sonepar nederlands information services bv.
970,spawar,spawar - nsips
971,spawar,spawar system center atlantic
972,spawar,us navy - spawar - atlantic
973,spawar,us navy - spawar - san diego
974,spawar,us navy-spawar-san diego
975,spsa,spsa acting as agent
976,sro,ecorec slovensko sro
977,sro,sro ag
978,st.-elisabeth-hospital,klinikum st. elisabeth straubing
979,st.-elisabeth-hospital,st. elisabeth - krankenhaus gmbh
980,st.-elisabeth-hospital,st. elisabeth stiftung
981,stalwart,stalwart systems
982,stalwart,stalwart systems group
983,sthree,sthree ltd
984,stm,fine foods stm spa
985,sungard-pa,sungard investment systems
986,swiftcover.com,axa (swiftcover.com)
987,swiftcover.com,axa technology services uk ltd (formerly swiftcover.com)
988,switch,switch
989,switch,switch ict professionals
990,switch,switch
991,switch,switch ict professionals
992,symitar,symitar - coasthills credit union
993,symitar,symitar - ventura credit union
994,symitar,symitar -pioneer west virginia
995,symitar,symitar-andrews federal cu
996,symitar,symitar-coasthills credit unio
997,symitar,symitar-family trust fcu
998,t-system,atlantic health system
999,t-system,avit system b.v.
1000,t-system,baptist health system
1001,t-system,"catholic health system, inc."
1002,t-system,childrens health system
1003,t-system,generis system
1004,t-system,genesis health system
1005,t-system,global system s.r.l.
1006,t-system,hawaii health system
1007,t-system,iowa health system
1008,t-system,legacy health system
1009,t-system,lego system a/s
1010,t-system,medical center health system
1011,t-system,memorial health system
1012,t-system,meta system s.p.a.
1013,t-system,metrohealth system
1014,t-system,"mission health system, inc"
1015,t-system,pd system
1016,t-system,system administrative services
1017,t-system,system c healthcare ltd
1018,t-system,"t-system, inc."
1019,t-system,uab health system
1020,t-systems,applied systems
1021,t-systems,bae systems
1022,t-systems,blood systems
1023,t-systems,capital health systems
1024,t-systems,dr systems inc
1025,t-systems,information systems solutions
1026,t-systems,logistics health systems
1027,t-systems,m-tech systems ltd
1028,t-systems,management systems gmbh
1029,t-systems,new technology systems
1030,t-systems,t-systems international gmbh
1031,t-systems,t-systems international gmbh
1032,t-systems,t-systems mexico
1033,t-systems,t-systems p.r. china ltd.
1034,t-systems,united systems ag
1035,t.con,con edison solutions
1036,t.con,con energy ag
1037,taby kommun,taby kommun
1038,taby kommun,taby kommun
1039,tawazun,tawazun economic council
1040,tawazun,tawazun holding
1041,tawazun,tawazun industrial park
1042,tbwa,tbwa
1043,tbwa,tbwa (deutschland) holding gmbh
1044,tbwa,tbwa france
1045,tbwa,tbwa
1046,tbwa,tbwa (deutschland) holding gmbh
1047,tbwa,tbwa france
1048,teleperformance,teleperformance germany
1049,teleperformance,teleperformance germany s.à.r.l. & co. kg
1050,teleperformance,teleperformance usa
1051,telstra,telstra corporation limited
1052,telstra,telstra international limited
1053,telstra,telstra super pty ltd
1054,terrena,terrena (cooperative agricole
1055,teva,teva magyarorszag zrt.
1056,trafigura,trafigura pte ltd
1057,triskalia,triskalia service et maintenance informatique
1058,troon,troon golf llc
1059,ucla,ucla external affairs
1060,ugc,ugc cinemas mechelen
1061,ugc,ugc cite cine
1062,unicef,unicef nederland
1063,unicef,unicef uk
1064,unicef,us fund for unicef
1065,ups,ups ground freight co.
1066,usaa,usaa-united services automobil
1067,val-i-pac,pac worldwide
1068,valid,valid elndhoven bv
1069,valid,valid infrastructures
1070,verus,verus financial llc
1071,verwaltungsgemeinschaft,verwaltungsgemeinschaft aiterhofen
1072,verwaltungsgemeinschaft,verwaltungsgemeinschaft bad
1073,verwaltungsgemeinschaft,verwaltungsgemeinschaft creußen
1074,verwaltungsgemeinschaft,verwaltungsgemeinschaft happurg
1075,verwaltungsgemeinschaft,verwaltungsgemeinschaft helmstadt
1076,verwaltungsgemeinschaft,verwaltungsgemeinschaft hesselberg
1077,verwaltungsgemeinschaft,verwaltungsgemeinschaft hinterschmiding
1078,verwaltungsgemeinschaft,verwaltungsgemeinschaft kitzingen
1079,verwaltungsgemeinschaft,verwaltungsgemeinschaft marktheidenfeld
1080,verwaltungsgemeinschaft,verwaltungsgemeinschaft oberding
1081,verwaltungsgemeinschaft,verwaltungsgemeinschaft straßkirchen
1082,verwaltungsgemeinschaft,verwaltungsgemeinschaft wiesentheid
1083,viawest,docutap c/o viawest
1084,virtustream,virtustream - ga
1085,vocalink,vocalink (bacs ltd)
1086,vocalink,vocalink ltd
1087,vodafone,vodafone - italy
1088,vodafone,vodafone global enterprise ltd
1089,vodafone,vodafone group services
1090,vodafone,vodafone group services gmbh
1091,vodafone,vodafone group services gmbh
1092,vodafone,vodafone libertel bv
1093,vodafone,vodafone limited - secure sector
1094,vodafone,vodafone ltd
1095,vodafone,vodafone omnitel b.v.
1096,vodafone,vodafone portugal
1097,vodafone,vodafone uk ltd
1098,vwr,vwr
1099,vwr,vwr international europe bvba
1100,vwr,vwr international llc
1101,vwr,vwr
1102,vwr,vwr international europe bvba
1103,vwr,vwr international llc
1104,wellpoint-hq,wellpoint - de
1105,wellpoint-hq,"wellpoint, inc."
1106,wellpoint-hq,wellpoint/ibm global services
1107,westpac,ibm nz ltd. (westpac banking)
1108,westpac,ibm nz ltd. (westpac banking)
1109,westpac,westpac e-business
1110,wickes,wickes customer services
1111,worldpay,worldpay
1112,worldpay,worldpay (uk) limited
1113,worldpay,worldpay (uk) ltd
1114,worldpay,"worldpay us, inc."
1115,worldpay,worldpay
1116,worldpay,worldpay (uk) limited
1117,worldpay,worldpay (uk) ltd
1118,worldpay,"worldpay us, inc."
1119,wpp/groupm/maximize,groupm
1120,wpp/groupm/maximize,wpp/groupm/maxus
1121,wpp/groupm/maximize,wpp/groupm/mec
1122,wpp/groupm/maximize,wpp/groupm/mediacom
1123,wpp/groupm/maximize,wpp/groupm/mets
1124,wpp/groupm/maximize,wpp/groupm/mindshare
1125,wpp/groupm/maxus,groupm
1126,wpp/groupm/maxus,wpp/groupm/maximize
1127,wpp/groupm/maxus,wpp/groupm/mec
1128,wpp/groupm/maxus,wpp/groupm/mediacom
1129,wpp/groupm/maxus,wpp/groupm/mets
1130,wpp/groupm/maxus,wpp/groupm/mindshare
1131,wpp/groupm/mec,groupm
1132,wpp/groupm/mec,wpp/groupm/maximize
1133,wpp/groupm/mec,wpp/groupm/maxus
1134,wpp/groupm/mec,wpp/groupm/mediacom
1135,wpp/groupm/mec,wpp/groupm/mets
1136,wpp/groupm/mec,wpp/groupm/mindshare
1137,wpp/groupm/mediacom,groupm
1138,wpp/groupm/mediacom,wpp/groupm/maximize
1139,wpp/groupm/mediacom,wpp/groupm/maxus
1140,wpp/groupm/mediacom,wpp/groupm/mec
1141,wpp/groupm/mediacom,wpp/groupm/mets
1142,wpp/groupm/mediacom,wpp/groupm/mindshare
1143,wpp/groupm/mets,groupm
1144,wpp/groupm/mets,wpp/groupm/maximize
1145,wpp/groupm/mets,wpp/groupm/maxus
1146,wpp/groupm/mets,wpp/groupm/mec
1147,wpp/groupm/mets,wpp/groupm/mediacom
1148,wpp/groupm/mets,wpp/groupm/mindshare
1149,wpp/groupm/mindshare,groupm
1150,wpp/groupm/mindshare,wpp/groupm/maximize
1151,wpp/groupm/mindshare,wpp/groupm/maxus
1152,wpp/groupm/mindshare,wpp/groupm/mec
1153,wpp/groupm/mindshare,wpp/groupm/mediacom
1154,wpp/groupm/mindshare,wpp/groupm/mets
1155,xerox,xerox (state and local solutions)
1156,xerox,xerox business services llc
1157,xerox,"xerox business services, llc-ny"
1158,xerox,xerox it services (formerly sds
1159,xerox,xerox it services gmbh
1160,xerox,xerox it svcs gmbh
1161,xerox,xerox research centre of canada
1162,xymax corporation,xymax corporation
1163,xymax corporation,xymax corporation
1164,yasui kagu,yasui kagu
1165,yasui kagu,yasui kagu
1166,yell,yell adworks india pvt ltd
1167,zeb/rolfes.schierenbeck.associates,zeb/rolfes.schierenbeck.associates gmbh
1168,zerochaos,"zerochaos, llc"
